"meanfreq","sd","median","Q25","Q75","IQR","skew","kurt","sp.ent","sfm","mode","centroid","meanfun","minfun","maxfun","meandom","mindom","maxdom","dfrange","modindx","label"
0.174207144160245,0.0709799645093892,0.165342706502636,0.124171060339777,0.246045694200351,0.121874633860574,2.04174256243471,9.44736399492637,0.955387265024798,0.637912781033537,0.130404217926186,0.174207144160245,0.115822777085582,0.0439243027888446,0.273913043478261,1.34237570160801,0,7.70888671875,7.70888671875,0.0826017557861133,"male"
0.24161970762661,0.0232200873851352,0.242162162162162,0.23027027027027,0.254594594594595,0.0243243243243243,2.40128126422944,8.07291926773437,0.766281996214164,0.071562391434083,0.247027027027027,0.24161970762661,0.181638810617641,0.0469148936170213,0.275625,0.58893310546875,0.21533203125,2.131787109375,1.916455078125,0.159077468953282,"female"
